{"cameraMode":{"drawMode":0,"name":"Shaded","section":"Shading Mode"},"sceneLighting":false,"audioPlay":false,"sceneViewState":{"showFog":true,"showMaterialUpdate":false,"showSkybox":true,"showFlares":true,"showImageEffects":true,"showParticleSystems":true},"in2DMode":false,"pivot":{"x":0.04623425006866455,"y":0.0003896951675415039,"z":0.0954834371805191},"rotation":{"x":-0.15028616786003114,"y":0.656681478023529,"z":-0.13585270941257478,"w":-0.7264485359191895},"size":0.47911107540130618,"orthographic":false}